id,name,model_id:id,group_id:id,perm_read,perm_write,perm_create,perm_unlink
access_champions_membership_plan_user,champions.membership.plan.user,model_champions_membership_plan,base.group_user,1,1,1,1
access_champions_membership_contract_user,champions.membership.contract.user,model_champions_membership_contract,base.group_user,1,1,1,1
access_club_court_user,club.court.user,model_club_court,base.group_user,1,1,1,1
access_club_booking_user,club.booking.user,model_club_booking,base.group_user,1,1,1,1
access_club_shop_product_user,club.shop.product.user,model_club_shop_product,base.group_user,1,1,1,1
access_club_pos_table_user,club.pos.table.user,model_club_pos_table,base.group_user,1,1,1,1
access_club_pos_product_user,club.pos.product.user,model_club_pos_product,base.group_user,1,1,1,1
access_club_pos_order_user,club.pos.order.user,model_club_pos_order,base.group_user,1,1,1,1
access_club_pos_order_line_user,club.pos.order.line.user,model_club_pos_order_line,base.group_user,1,1,1,1
access_club_pos_session_user,club.pos.session.user,model_club_pos_session,base.group_user,1,1,1,1
